Iteration,a,xi,b,fxi,Error
0,3,1.5,0,-0.625,1.01
1,3,2.25,1.5,2.515625,0.75
2,2.25,1.875,1.5,0.435546875,0.375
3,1.875,1.6875,1.5,-0.202392578125,0.1875
4,1.875,1.78125,1.6875,0.087188720703125,0.09375
5,1.78125,1.734375,1.6875,-0.0646400451660156,0.046875
6,1.78125,1.7578125,1.734375,0.0094761848449707,0.0234375
7,1.7578125,1.74609375,1.734375,-0.0280266404151917,0.01171875
