i,xn,Fm,dfm,Error
0,-1,2.63212055882856,-0.735758882342885,1.5
1,2.57742274268857,8.10710537025322,3.1256277935768,3.57742274268857
2,-0.0163299065914897,-57.2454581110558,-3749.51690455354,2.59375264928006
3,-0.0315973289203596,-27.6638783500223,-1001.1218062119,0.0152674223288699
