i,xn,Fm,dfm,Error
0,5,-5.75354564797883,6.70197311277936,1.000005
1,5.85848533725209,2.55713921550367,12.1839450779917,0.146537080462296
2,5.64860756784859,0.106704548094694,11.1291477370549,0.0371556648045633
3,5.63901972243439,0.000256128248467657,11.0756462719501,0.00170026811150475
4,5.6389965970797,1.49825174489138e-09,11.0755166949414,4.10096979003499e-06
