i,xn,Fm,dfm,Error
0,1,1,2,1.000001
1,0.333333333333333,0.111111111111111,2,0.666666666666667
2,5.55111512312578e-17,3.08148791101958e-33,2,0.333333333333333
3,0,0,2,5.55111512312578e-17
