Iteration,xn,fxn,E
0,-3,2.51234567901235,1.000005
0,-2,0.125,1.000005
1,-1.94764059469942,0.00926405789764764,0.0523594053005818
2,-1.94344949767822,7.25170502666184e-05,0.00419109702120046
3,-1.94341643184101,4.43172238073775e-08,3.30658372089676e-05
4,-1.94341641162118,2.12968531698721e-13,2.02198267018616e-08
