Iteration,xn,fxn,E
0,76,-58.05779856307,1.000005
1,86,-56.5165601915365,1.000005
2,452.695776820699,-17.0426942647251,0.810026944355475
3,611.015309650553,-3.99410358041942,0.259108945928701
4,659.476068994211,-0.235453678083587,0.073483726888783
5,662.51180371989,-0.00312281597651065,0.0045821594553231
6,662.552607773281,-2.41994627003805e-06,6.15861335571406e-05
7,662.552639417859,-2.48689957516035e-11,4.77616063816742e-08
