Iteration,xn,fxn,E
0,0,-1,1.01
1,3,11,1.01
2,0.25,-0.859375,11
3,0.449275362318841,-0.863735848941734,0.443548387096774
4,-39.0203959208158,-62497.318257972,1.0115138596551
5,0.449820855183901,-0.863840535489013,87.746524691175
6,0.45036642170465,-0.86394562340111,0.00121138365219076
