polinomio,a,b
1,1,3
2,0.666666666666667,3.66666666666667
3,2,-1
